<?xml version="1.0" encoding="UTF-8"?>
<export version="D">
  <design>
    <source>C:\Users\uli\Documents\Arduino\08 Layout\ttgoT5\ttgot5\ttgot5.sch</source>
    <date>14.12.2019 23:28:47</date>
    <tool>Eeschema (5.1.2)-2</tool>
    <sheet number="1" name="/" tstamps="/">
      <title_block>
        <title/>
        <company/>
        <rev/>
        <date>sam. 04 avril 2015</date>
        <source>ttgot5.sch</source>
        <comment number="1" value=""/>
        <comment number="2" value=""/>
        <comment number="3" value=""/>
        <comment number="4" value=""/>
      </title_block>
    </sheet>
  </design>
  <components>
    <comp ref="J2">
      <value>Con_R</value>
      <footprint>Connector_PinHeader_2.54mm:PinHeader_1x13_P2.54mm_Vertical</footprint>
      <datasheet>~</datasheet>
      <libsource lib="Connector" part="Conn_01x13_Male" description="Generic connector, single row, 01x13, script generated (kicad-library-utils/schlib/autogen/connector/)"/>
      <sheetpath names="/" tstamps="/"/>
      <tstamp>5DF2CD2F</tstamp>
    </comp>
    <comp ref="J1">
      <value>Con_L</value>
      <footprint>Connector_PinHeader_2.54mm:PinHeader_1x13_P2.54mm_Vertical</footprint>
      <datasheet>~</datasheet>
      <libsource lib="Connector" part="Conn_01x13_Male" description="Generic connector, single row, 01x13, script generated (kicad-library-utils/schlib/autogen/connector/)"/>
      <sheetpath names="/" tstamps="/"/>
      <tstamp>5DF2AE30</tstamp>
    </comp>
    <comp ref="U2">
      <value>RFM95W-915S2</value>
      <footprint>RF_Module:HOPERF_RFM9XW_SMD</footprint>
      <datasheet>https://www.hoperf.com/data/upload/portal/20181127/5bfcbea20e9ef.pdf</datasheet>
      <libsource lib="RF_Module" part="RFM95W-915S2" description="Low power long range transceiver module, SPI and parallel interface, 915 MHz, spreading factor 6 to12, bandwith 7.8 to 500kHz, -111 to -148 dBm, SMD-16, DIP-16"/>
      <sheetpath names="/" tstamps="/"/>
      <tstamp>5DF39C1A</tstamp>
    </comp>
    <comp ref="ANT1">
      <value>Antenna</value>
      <footprint>Connector_Coaxial:SMA_Samtec_SMA-J-P-H-ST-EM1_EdgeMount</footprint>
      <datasheet>~</datasheet>
      <libsource lib="Device" part="Antenna_Shield" description="Antenna with extra pin for shielding"/>
      <sheetpath names="/" tstamps="/"/>
      <tstamp>5DF3C714</tstamp>
    </comp>
    <comp ref="C3">
      <value>C</value>
      <footprint>Capacitor_SMD:C_0805_2012Metric_Pad1.15x1.40mm_HandSolder</footprint>
      <datasheet>~</datasheet>
      <libsource lib="Device" part="C" description="Unpolarized capacitor"/>
      <sheetpath names="/" tstamps="/"/>
      <tstamp>5DF463CF</tstamp>
    </comp>
    <comp ref="SI2301">
      <value>Q_PJFET_GDS</value>
      <footprint>Package_TO_SOT_SMD:SOT-23</footprint>
      <datasheet>~</datasheet>
      <libsource lib="Device" part="Q_PMOS_GDS" description="P-MOSFET transistor, gate/drain/source"/>
      <sheetpath names="/" tstamps="/"/>
      <tstamp>5DF4AD7B</tstamp>
    </comp>
    <comp ref="R3">
      <value>200K</value>
      <footprint>Resistor_SMD:R_0805_2012Metric_Pad1.15x1.40mm_HandSolder</footprint>
      <datasheet>~</datasheet>
      <libsource lib="Device" part="R" description="Resistor"/>
      <sheetpath names="/" tstamps="/"/>
      <tstamp>5DF52034</tstamp>
    </comp>
    <comp ref="R1">
      <value>200K</value>
      <footprint>Resistor_SMD:R_0805_2012Metric_Pad1.15x1.40mm_HandSolder</footprint>
      <datasheet>~</datasheet>
      <libsource lib="Device" part="R" description="Resistor"/>
      <sheetpath names="/" tstamps="/"/>
      <tstamp>5DF56619</tstamp>
    </comp>
    <comp ref="PL511">
      <value>TPL5110</value>
      <footprint>Package_TO_SOT_SMD:SOT-23-6</footprint>
      <datasheet>http://www.ti.com/lit/ds/symlink/tpl5110.pdf</datasheet>
      <libsource lib="Timer" part="TPL5110" description="Timer, Nano Power, Active-Low, 35 nA, 100 ms to 7200 s, VDD 1.8V to 5.5V, Iout max 1mA, SOT-23-6"/>
      <sheetpath names="/" tstamps="/"/>
      <tstamp>5DF3ACB4</tstamp>
    </comp>
    <comp ref="R7">
      <value>R</value>
      <footprint>Resistor_SMD:R_0805_2012Metric_Pad1.15x1.40mm_HandSolder</footprint>
      <datasheet>~</datasheet>
      <libsource lib="Device" part="R" description="Resistor"/>
      <sheetpath names="/" tstamps="/"/>
      <tstamp>5DF6E69B</tstamp>
    </comp>
    <comp ref="Shot1">
      <value>Shot</value>
      <footprint>Connector_PinHeader_2.54mm:PinHeader_1x02_P2.54mm_Horizontal</footprint>
      <datasheet>~</datasheet>
      <libsource lib="Switch" part="SW_Push" description="Push button switch, generic, two pins"/>
      <sheetpath names="/" tstamps="/"/>
      <tstamp>5DF6FA37</tstamp>
    </comp>
    <comp ref="PWR1">
      <value>PWR</value>
      <footprint>Connector_PinHeader_2.54mm:PinHeader_1x02_P2.54mm_Horizontal</footprint>
      <datasheet>~</datasheet>
      <libsource lib="Connector" part="Conn_01x02_Male" description="Generic connector, single row, 01x02, script generated (kicad-library-utils/schlib/autogen/connector/)"/>
      <sheetpath names="/" tstamps="/"/>
      <tstamp>5DF7D0BA</tstamp>
    </comp>
    <comp ref="R8">
      <value>100K</value>
      <footprint>Resistor_SMD:R_0805_2012Metric_Pad1.15x1.40mm_HandSolder</footprint>
      <datasheet>~</datasheet>
      <libsource lib="Device" part="R" description="Resistor"/>
      <sheetpath names="/" tstamps="/"/>
      <tstamp>5DF81605</tstamp>
    </comp>
    <comp ref="D1">
      <value>D</value>
      <footprint>Diode_SMD:D_SOD-323</footprint>
      <datasheet>~</datasheet>
      <libsource lib="pspice" part="DIODE" description="Diode symbol for simulation only. Pin order incompatible with official kicad footprints"/>
      <sheetpath names="/" tstamps="/"/>
      <tstamp>5DF4AF2D</tstamp>
    </comp>
    <comp ref="D2">
      <value>D</value>
      <footprint>Diode_SMD:D_SOD-323</footprint>
      <datasheet>~</datasheet>
      <libsource lib="pspice" part="DIODE" description="Diode symbol for simulation only. Pin order incompatible with official kicad footprints"/>
      <sheetpath names="/" tstamps="/"/>
      <tstamp>5DF4BA0A</tstamp>
    </comp>
    <comp ref="D3">
      <value>D</value>
      <footprint>Diode_SMD:D_SOD-323</footprint>
      <datasheet>~</datasheet>
      <libsource lib="pspice" part="DIODE" description="Diode symbol for simulation only. Pin order incompatible with official kicad footprints"/>
      <sheetpath names="/" tstamps="/"/>
      <tstamp>5DF4C34C</tstamp>
    </comp>
    <comp ref="I2C1">
      <value>I2C</value>
      <footprint>Connector_PinHeader_2.54mm:PinHeader_1x04_P2.54mm_Vertical</footprint>
      <datasheet>~</datasheet>
      <libsource lib="Connector" part="Conn_01x04_Male" description="Generic connector, single row, 01x04, script generated (kicad-library-utils/schlib/autogen/connector/)"/>
      <sheetpath names="/" tstamps="/"/>
      <tstamp>5DF5E694</tstamp>
    </comp>
    <comp ref="R4">
      <value>4K7</value>
      <footprint>Resistor_SMD:R_0805_2012Metric_Pad1.15x1.40mm_HandSolder</footprint>
      <datasheet>~</datasheet>
      <libsource lib="Device" part="R" description="Resistor"/>
      <sheetpath names="/" tstamps="/"/>
      <tstamp>5DF779CB</tstamp>
    </comp>
    <comp ref="R5">
      <value>4K7</value>
      <footprint>Resistor_SMD:R_0805_2012Metric_Pad1.15x1.40mm_HandSolder</footprint>
      <datasheet>~</datasheet>
      <libsource lib="Device" part="R" description="Resistor"/>
      <sheetpath names="/" tstamps="/"/>
      <tstamp>5DF78203</tstamp>
    </comp>
    <comp ref="C1">
      <value>100nF</value>
      <footprint>Capacitor_SMD:C_0805_2012Metric_Pad1.15x1.40mm_HandSolder</footprint>
      <datasheet>~</datasheet>
      <libsource lib="Device" part="C" description="Unpolarized capacitor"/>
      <sheetpath names="/" tstamps="/"/>
      <tstamp>5DF7BDB1</tstamp>
    </comp>
    <comp ref="R2">
      <value>0R</value>
      <footprint>Resistor_SMD:R_0805_2012Metric_Pad1.15x1.40mm_HandSolder</footprint>
      <datasheet>~</datasheet>
      <libsource lib="Device" part="R" description="Resistor"/>
      <sheetpath names="/" tstamps="/"/>
      <tstamp>5DF7D142</tstamp>
    </comp>
    <comp ref="BME680">
      <value>BME680</value>
      <footprint>Package_LGA:Bosch_LGA-8_3x3mm_P0.8mm_ClockwisePinNumbering</footprint>
      <datasheet>https://ae-bst.resource.bosch.com/media/_tech/media/datasheets/BST-BME680-DS001-00.pdf</datasheet>
      <libsource lib="Sensor" part="BME680" description="It is a digital 4 in 1 sensor with gas, humidity, pressure and temperature measurements, LGA-8"/>
      <sheetpath names="/" tstamps="/"/>
      <tstamp>5DF7F7B0</tstamp>
    </comp>
    <comp ref="RV1">
      <value>R_POT</value>
      <footprint>Potentiometer_SMD:Potentiometer_Bourns_3224W_Vertical</footprint>
      <datasheet>~</datasheet>
      <libsource lib="Device" part="R_POT" description="Potentiometer"/>
      <sheetpath names="/" tstamps="/"/>
      <tstamp>5DF8437E</tstamp>
    </comp>
    <comp ref="C2">
      <value>100uF</value>
      <footprint>Capacitor_SMD:C_0805_2012Metric_Pad1.15x1.40mm_HandSolder</footprint>
      <datasheet>~</datasheet>
      <libsource lib="Device" part="C" description="Unpolarized capacitor"/>
      <sheetpath names="/" tstamps="/"/>
      <tstamp>5DFA7C37</tstamp>
    </comp>
    <comp ref="LORA_RES1">
      <value>RST</value>
      <footprint>Jumper:SolderJumper-3_P1.3mm_Bridged12_Pad1.0x1.5mm</footprint>
      <datasheet>~</datasheet>
      <libsource lib="Jumper" part="Jumper_3_Bridged12" description="Jumper, 3-pole, pins 1+2 closed/bridged"/>
      <sheetpath names="/" tstamps="/"/>
      <tstamp>5DF4C055</tstamp>
    </comp>
    <comp ref="R9">
      <value>100K</value>
      <footprint>Resistor_SMD:R_0805_2012Metric_Pad1.15x1.40mm_HandSolder</footprint>
      <datasheet>~</datasheet>
      <libsource lib="Device" part="R" description="Resistor"/>
      <sheetpath names="/" tstamps="/"/>
      <tstamp>5DF542BA</tstamp>
    </comp>
    <comp ref="R10">
      <value>100K</value>
      <footprint>Resistor_SMD:R_0805_2012Metric_Pad1.15x1.40mm_HandSolder</footprint>
      <datasheet>~</datasheet>
      <libsource lib="Device" part="R" description="Resistor"/>
      <sheetpath names="/" tstamps="/"/>
      <tstamp>5DF603C8</tstamp>
    </comp>
    <comp ref="R14">
      <value>4K7</value>
      <footprint>Resistor_SMD:R_0805_2012Metric_Pad1.15x1.40mm_HandSolder</footprint>
      <datasheet>~</datasheet>
      <libsource lib="Device" part="R" description="Resistor"/>
      <sheetpath names="/" tstamps="/"/>
      <tstamp>5DF7605D</tstamp>
    </comp>
    <comp ref="C6">
      <value>100nF</value>
      <footprint>Capacitor_SMD:C_0805_2012Metric_Pad1.15x1.40mm_HandSolder</footprint>
      <datasheet>~</datasheet>
      <libsource lib="Device" part="C" description="Unpolarized capacitor"/>
      <sheetpath names="/" tstamps="/"/>
      <tstamp>5DF7D48D</tstamp>
    </comp>
    <comp ref="CCS811">
      <value>CCS811</value>
      <footprint>Package_LGA:AMS_LGA-10-1EP_2.7x4mm_P0.6mm</footprint>
      <datasheet>http://ams.com/eng/Products/Environmental-Sensors/Air-Quality-Sensors/CCS811</datasheet>
      <libsource lib="Sensor_Gas" part="CCS811" description="Ultra-low power digital gas sensor for monitoring indoor air quality"/>
      <sheetpath names="/" tstamps="/"/>
      <tstamp>5DF7FFFF</tstamp>
    </comp>
    <comp ref="R13">
      <value>4K7</value>
      <footprint>Resistor_SMD:R_0805_2012Metric_Pad1.15x1.40mm_HandSolder</footprint>
      <datasheet>~</datasheet>
      <libsource lib="Device" part="R" description="Resistor"/>
      <sheetpath names="/" tstamps="/"/>
      <tstamp>5DF85E12</tstamp>
    </comp>
    <comp ref="R11">
      <value>0R</value>
      <footprint>Resistor_SMD:R_0805_2012Metric_Pad1.15x1.40mm_HandSolder</footprint>
      <datasheet>~</datasheet>
      <libsource lib="Device" part="R" description="Resistor"/>
      <sheetpath names="/" tstamps="/"/>
      <tstamp>5DF9C33B</tstamp>
    </comp>
    <comp ref="C5">
      <value>100nF</value>
      <footprint>Capacitor_SMD:C_0805_2012Metric_Pad1.15x1.40mm_HandSolder</footprint>
      <datasheet>~</datasheet>
      <libsource lib="Device" part="C" description="Unpolarized capacitor"/>
      <sheetpath names="/" tstamps="/"/>
      <tstamp>5DFA6879</tstamp>
    </comp>
    <comp ref="C4">
      <value>100nF</value>
      <footprint>Capacitor_SMD:C_0805_2012Metric_Pad1.15x1.40mm_HandSolder</footprint>
      <datasheet>~</datasheet>
      <libsource lib="Device" part="C" description="Unpolarized capacitor"/>
      <sheetpath names="/" tstamps="/"/>
      <tstamp>5DFA79ED</tstamp>
    </comp>
    <comp ref="R12">
      <value>0R</value>
      <footprint>Resistor_SMD:R_0805_2012Metric_Pad1.15x1.40mm_HandSolder</footprint>
      <datasheet>~</datasheet>
      <libsource lib="Device" part="R" description="Resistor"/>
      <sheetpath names="/" tstamps="/"/>
      <tstamp>5DFAA331</tstamp>
    </comp>
    <comp ref="BME280">
      <value>BME280</value>
      <footprint>Package_LGA:Bosch_LGA-8_2.5x2.5mm_P0.65mm_ClockwisePinNumbering</footprint>
      <datasheet>https://ae-bst.resource.bosch.com/media/_tech/media/datasheets/BST-BME280_DS001-11.pdf</datasheet>
      <libsource lib="Sensor" part="BME280" description="It is a digital 3 in 1 sensor with humidity, pressure and temperature measurements, LGA-8"/>
      <sheetpath names="/" tstamps="/"/>
      <tstamp>5DFAB772</tstamp>
    </comp>
    <comp ref="C7">
      <value>100nF</value>
      <footprint>Capacitor_SMD:C_0805_2012Metric_Pad1.15x1.40mm_HandSolder</footprint>
      <datasheet>~</datasheet>
      <libsource lib="Device" part="C" description="Unpolarized capacitor"/>
      <sheetpath names="/" tstamps="/"/>
      <tstamp>5DFE2E8F</tstamp>
    </comp>
    <comp ref="R15">
      <value>0R</value>
      <footprint>Resistor_SMD:R_0805_2012Metric_Pad1.15x1.40mm_HandSolder</footprint>
      <datasheet>~</datasheet>
      <libsource lib="Device" part="R" description="Resistor"/>
      <sheetpath names="/" tstamps="/"/>
      <tstamp>5E0CE50C</tstamp>
    </comp>
    <comp ref="C8">
      <value>1nF</value>
      <footprint>Capacitor_SMD:C_0805_2012Metric_Pad1.15x1.40mm_HandSolder</footprint>
      <datasheet>~</datasheet>
      <libsource lib="Device" part="C" description="Unpolarized capacitor"/>
      <sheetpath names="/" tstamps="/"/>
      <tstamp>5DF657E5</tstamp>
    </comp>
    <comp ref="C9">
      <value>100nF</value>
      <footprint>Capacitor_SMD:C_0805_2012Metric_Pad1.15x1.40mm_HandSolder</footprint>
      <datasheet>~</datasheet>
      <libsource lib="Device" part="C" description="Unpolarized capacitor"/>
      <sheetpath names="/" tstamps="/"/>
      <tstamp>5DF66130</tstamp>
    </comp>
    <comp ref="R6">
      <value>0R</value>
      <footprint>Resistor_SMD:R_0805_2012Metric_Pad1.15x1.40mm_HandSolder</footprint>
      <datasheet>~</datasheet>
      <libsource lib="Device" part="R" description="Resistor"/>
      <sheetpath names="/" tstamps="/"/>
      <tstamp>5DF81FE2</tstamp>
    </comp>
  </components>
  <libparts>
    <libpart lib="Connector" part="Conn_01x02_Male">
      <description>Generic connector, single row, 01x02, script generated (kicad-library-utils/schlib/autogen/connector/)</description>
      <docs>~</docs>
      <footprints>
        <fp>Connector*:*_1x??_*</fp>
      </footprints>
      <fields>
        <field name="Reference">J</field>
        <field name="Value">Conn_01x02_Male</field>
      </fields>
      <pins>
        <pin num="1" name="Pin_1" type="passive"/>
        <pin num="2" name="Pin_2" type="passive"/>
      </pins>
    </libpart>
    <libpart lib="Connector" part="Conn_01x04_Male">
      <description>Generic connector, single row, 01x04, script generated (kicad-library-utils/schlib/autogen/connector/)</description>
      <docs>~</docs>
      <footprints>
        <fp>Connector*:*_1x??_*</fp>
      </footprints>
      <fields>
        <field name="Reference">J</field>
        <field name="Value">Conn_01x04_Male</field>
      </fields>
      <pins>
        <pin num="1" name="Pin_1" type="passive"/>
        <pin num="2" name="Pin_2" type="passive"/>
        <pin num="3" name="Pin_3" type="passive"/>
        <pin num="4" name="Pin_4" type="passive"/>
      </pins>
    </libpart>
    <libpart lib="Connector" part="Conn_01x13_Male">
      <description>Generic connector, single row, 01x13, script generated (kicad-library-utils/schlib/autogen/connector/)</description>
      <docs>~</docs>
      <footprints>
        <fp>Connector*:*_1x??_*</fp>
      </footprints>
      <fields>
        <field name="Reference">J</field>
        <field name="Value">Conn_01x13_Male</field>
      </fields>
      <pins>
        <pin num="1" name="Pin_1" type="passive"/>
        <pin num="2" name="Pin_2" type="passive"/>
        <pin num="3" name="Pin_3" type="passive"/>
        <pin num="4" name="Pin_4" type="passive"/>
        <pin num="5" name="Pin_5" type="passive"/>
        <pin num="6" name="Pin_6" type="passive"/>
        <pin num="7" name="Pin_7" type="passive"/>
        <pin num="8" name="Pin_8" type="passive"/>
        <pin num="9" name="Pin_9" type="passive"/>
        <pin num="10" name="Pin_10" type="passive"/>
        <pin num="11" name="Pin_11" type="passive"/>
        <pin num="12" name="Pin_12" type="passive"/>
        <pin num="13" name="Pin_13" type="passive"/>
      </pins>
    </libpart>
    <libpart lib="Device" part="Antenna_Shield">
      <description>Antenna with extra pin for shielding</description>
      <docs>~</docs>
      <fields>
        <field name="Reference">AE</field>
        <field name="Value">Antenna_Shield</field>
      </fields>
      <pins>
        <pin num="1" name="A" type="input"/>
        <pin num="2" name="Shield" type="input"/>
      </pins>
    </libpart>
    <libpart lib="Device" part="C">
      <description>Unpolarized capacitor</description>
      <docs>~</docs>
      <footprints>
        <fp>C_*</fp>
      </footprints>
      <fields>
        <field name="Reference">C</field>
        <field name="Value">C</field>
      </fields>
      <pins>
        <pin num="1" name="~" type="passive"/>
        <pin num="2" name="~" type="passive"/>
      </pins>
    </libpart>
    <libpart lib="Device" part="Q_PMOS_GDS">
      <description>P-MOSFET transistor, gate/drain/source</description>
      <docs>~</docs>
      <fields>
        <field name="Reference">Q</field>
        <field name="Value">Q_PMOS_GDS</field>
      </fields>
      <pins>
        <pin num="1" name="G" type="input"/>
        <pin num="2" name="D" type="passive"/>
        <pin num="3" name="S" type="passive"/>
      </pins>
    </libpart>
    <libpart lib="Device" part="R">
      <description>Resistor</description>
      <docs>~</docs>
      <footprints>
        <fp>R_*</fp>
      </footprints>
      <fields>
        <field name="Reference">R</field>
        <field name="Value">R</field>
      </fields>
      <pins>
        <pin num="1" name="~" type="passive"/>
        <pin num="2" name="~" type="passive"/>
      </pins>
    </libpart>
    <libpart lib="Device" part="R_POT">
      <description>Potentiometer</description>
      <docs>~</docs>
      <footprints>
        <fp>Potentiometer*</fp>
      </footprints>
      <fields>
        <field name="Reference">RV</field>
        <field name="Value">R_POT</field>
      </fields>
      <pins>
        <pin num="1" name="1" type="passive"/>
        <pin num="2" name="2" type="passive"/>
        <pin num="3" name="3" type="passive"/>
      </pins>
    </libpart>
    <libpart lib="Jumper" part="Jumper_3_Bridged12">
      <description>Jumper, 3-pole, pins 1+2 closed/bridged</description>
      <docs>~</docs>
      <footprints>
        <fp>SolderJumper*Bridged12*</fp>
      </footprints>
      <fields>
        <field name="Reference">JP</field>
        <field name="Value">Jumper_3_Bridged12</field>
      </fields>
      <pins>
        <pin num="1" name="A" type="passive"/>
        <pin num="2" name="C" type="input"/>
        <pin num="3" name="B" type="passive"/>
      </pins>
    </libpart>
    <libpart lib="RF_Module" part="RFM95W-868S2">
      <aliases>
        <alias>RFM95W-915S2</alias>
        <alias>RFM96W-315S2</alias>
        <alias>RFM96W-433S2</alias>
        <alias>RFM97W-868S2</alias>
        <alias>RFM97W-915S2</alias>
        <alias>RFM98W-315S2</alias>
        <alias>RFM98W-433S2</alias>
        <alias>RFM69HCW</alias>
      </aliases>
      <description>Low power long range transceiver module, SPI and parallel interface, 868 MHz, spreading factor 6 to12, bandwith 7.8 to 500kHz, -111 to -148 dBm, SMD-16, DIP-16</description>
      <docs>https://www.hoperf.com/data/upload/portal/20181127/5bfcbea20e9ef.pdf</docs>
      <footprints>
        <fp>HOPERF*RFM9XW*</fp>
      </footprints>
      <fields>
        <field name="Reference">U</field>
        <field name="Value">RFM95W-868S2</field>
      </fields>
      <pins>
        <pin num="1" name="GND" type="power_in"/>
        <pin num="2" name="MISO" type="output"/>
        <pin num="3" name="MOSI" type="input"/>
        <pin num="4" name="SCK" type="input"/>
        <pin num="5" name="NSS" type="input"/>
        <pin num="6" name="RESET" type="BiDi"/>
        <pin num="7" name="DIO5" type="BiDi"/>
        <pin num="8" name="GND" type="power_in"/>
        <pin num="9" name="ANT" type="BiDi"/>
        <pin num="10" name="GND" type="power_in"/>
        <pin num="11" name="DIO3" type="BiDi"/>
        <pin num="12" name="DIO4" type="BiDi"/>
        <pin num="13" name="3.3V" type="power_in"/>
        <pin num="14" name="DIO0" type="BiDi"/>
        <pin num="15" name="DIO1" type="BiDi"/>
        <pin num="16" name="DIO2" type="BiDi"/>
      </pins>
    </libpart>
    <libpart lib="Sensor" part="BME280">
      <description>It is a digital 3 in 1 sensor with humidity, pressure and temperature measurements, LGA-8</description>
      <docs>https://ae-bst.resource.bosch.com/media/_tech/media/datasheets/BST-BME280_DS001-11.pdf</docs>
      <footprints>
        <fp>*LGA*2.5x2.5mm*P0.65mm*Clockwise*</fp>
      </footprints>
      <fields>
        <field name="Reference">U</field>
        <field name="Value">BME280</field>
        <field name="Footprint">Package_LGA:Bosch_LGA-8_2.5x2.5mm_P0.65mm_ClockwisePinNumbering</field>
      </fields>
      <pins>
        <pin num="1" name="GND" type="power_in"/>
        <pin num="2" name="CSB" type="input"/>
        <pin num="3" name="SDI" type="BiDi"/>
        <pin num="4" name="SCK" type="input"/>
        <pin num="5" name="SDO" type="BiDi"/>
        <pin num="6" name="VDDIO" type="power_in"/>
        <pin num="7" name="GND" type="power_in"/>
        <pin num="8" name="VDD" type="power_in"/>
      </pins>
    </libpart>
    <libpart lib="Sensor" part="BME680">
      <description>It is a digital 4 in 1 sensor with gas, humidity, pressure and temperature measurements, LGA-8</description>
      <docs>https://ae-bst.resource.bosch.com/media/_tech/media/datasheets/BST-BME680-DS001-00.pdf</docs>
      <footprints>
        <fp>*LGA*3x3mm*P0.8mm*Clockwise*</fp>
      </footprints>
      <fields>
        <field name="Reference">U</field>
        <field name="Value">BME680</field>
        <field name="Footprint">Package_LGA:Bosch_LGA-8_3x3mm_P0.8mm_ClockwisePinNumbering</field>
      </fields>
      <pins>
        <pin num="1" name="GND" type="power_in"/>
        <pin num="2" name="CSB" type="input"/>
        <pin num="3" name="SDI" type="BiDi"/>
        <pin num="4" name="SCK" type="input"/>
        <pin num="5" name="SDO" type="BiDi"/>
        <pin num="6" name="VDDIO" type="power_in"/>
        <pin num="7" name="GND" type="power_in"/>
        <pin num="8" name="VDD" type="power_in"/>
      </pins>
    </libpart>
    <libpart lib="Sensor_Gas" part="CCS811">
      <description>Ultra-low power digital gas sensor for monitoring indoor air quality</description>
      <docs>http://ams.com/eng/Products/Environmental-Sensors/Air-Quality-Sensors/CCS811</docs>
      <footprints>
        <fp>AMS?LGA*EP*2.7x4mm*P0.6mm*</fp>
      </footprints>
      <fields>
        <field name="Reference">U</field>
        <field name="Value">CCS811</field>
        <field name="Footprint">Package_LGA:AMS_LGA-10-1EP_2.7x4mm_P0.6mm</field>
      </fields>
      <pins>
        <pin num="1" name="ADDR" type="input"/>
        <pin num="2" name="~RESET" type="input"/>
        <pin num="3" name="~INT" type="output"/>
        <pin num="4" name="PWM" type="output"/>
        <pin num="5" name="Sense" type="BiDi"/>
        <pin num="6" name="VDD" type="power_in"/>
        <pin num="7" name="~WAKE" type="input"/>
        <pin num="8" name="AUX" type="input"/>
        <pin num="9" name="SDA" type="BiDi"/>
        <pin num="10" name="SCL" type="input"/>
        <pin num="11" name="GND" type="power_in"/>
      </pins>
    </libpart>
    <libpart lib="Switch" part="SW_Push">
      <description>Push button switch, generic, two pins</description>
      <docs>~</docs>
      <fields>
        <field name="Reference">SW</field>
        <field name="Value">SW_Push</field>
      </fields>
      <pins>
        <pin num="1" name="1" type="passive"/>
        <pin num="2" name="2" type="passive"/>
      </pins>
    </libpart>
    <libpart lib="Timer" part="TPL5110">
      <description>Timer, Nano Power, Active-Low, 35 nA, 100 ms to 7200 s, VDD 1.8V to 5.5V, Iout max 1mA, SOT-23-6</description>
      <docs>http://www.ti.com/lit/ds/symlink/tpl5110.pdf</docs>
      <footprints>
        <fp>SOT*23*</fp>
      </footprints>
      <fields>
        <field name="Reference">U</field>
        <field name="Value">TPL5110</field>
        <field name="Footprint">Package_TO_SOT_SMD:SOT-23-6</field>
      </fields>
      <pins>
        <pin num="1" name="VDD" type="power_in"/>
        <pin num="2" name="GND" type="power_in"/>
        <pin num="3" name="DELAY/M_DRV" type="input"/>
        <pin num="4" name="DONE" type="input"/>
        <pin num="5" name="DRV" type="output"/>
        <pin num="6" name="EN/ONE_SHOT" type="input"/>
      </pins>
    </libpart>
    <libpart lib="pspice" part="DIODE">
      <description>Diode symbol for simulation only. Pin order incompatible with official kicad footprints</description>
      <docs>~</docs>
      <fields>
        <field name="Reference">D</field>
        <field name="Value">DIODE</field>
      </fields>
      <pins>
        <pin num="1" name="K" type="input"/>
        <pin num="2" name="A" type="input"/>
      </pins>
    </libpart>
  </libparts>
  <libraries>
    <library logical="Connector">
      <uri>C:\Program Files\KiCad\share\kicad\library/Connector.lib</uri>
    </library>
    <library logical="Device">
      <uri>C:\Program Files\KiCad\share\kicad\library/Device.lib</uri>
    </library>
    <library logical="Jumper">
      <uri>C:\Program Files\KiCad\share\kicad\library/Jumper.lib</uri>
    </library>
    <library logical="RF_Module">
      <uri>C:\Program Files\KiCad\share\kicad\library/RF_Module.lib</uri>
    </library>
    <library logical="Sensor">
      <uri>C:\Program Files\KiCad\share\kicad\library/Sensor.lib</uri>
    </library>
    <library logical="Sensor_Gas">
      <uri>C:\Program Files\KiCad\share\kicad\library/Sensor_Gas.lib</uri>
    </library>
    <library logical="Switch">
      <uri>C:\Program Files\KiCad\share\kicad\library/Switch.lib</uri>
    </library>
    <library logical="Timer">
      <uri>C:\Program Files\KiCad\share\kicad\library/Timer.lib</uri>
    </library>
    <library logical="pspice">
      <uri>C:\Program Files\KiCad\share\kicad\library/pspice.lib</uri>
    </library>
  </libraries>
  <nets>
    <net code="1" name="Net-(CCS811-Pad4)">
      <node ref="CCS811" pin="4"/>
      <node ref="CCS811" pin="5"/>
    </net>
    <net code="2" name="GND">
      <node ref="C8" pin="2"/>
      <node ref="BME280" pin="1"/>
      <node ref="C4" pin="2"/>
      <node ref="C5" pin="1"/>
      <node ref="U2" pin="10"/>
      <node ref="U2" pin="8"/>
      <node ref="U2" pin="1"/>
      <node ref="C2" pin="2"/>
      <node ref="RV1" pin="3"/>
      <node ref="C7" pin="1"/>
      <node ref="BME280" pin="7"/>
      <node ref="C9" pin="2"/>
      <node ref="I2C1" pin="2"/>
      <node ref="R7" pin="2"/>
      <node ref="PL511" pin="2"/>
      <node ref="R1" pin="2"/>
      <node ref="R3" pin="2"/>
      <node ref="PWR1" pin="2"/>
      <node ref="C3" pin="1"/>
      <node ref="ANT1" pin="2"/>
      <node ref="J2" pin="2"/>
      <node ref="J1" pin="13"/>
      <node ref="R9" pin="2"/>
      <node ref="BME680" pin="7"/>
      <node ref="BME680" pin="1"/>
      <node ref="C6" pin="1"/>
      <node ref="R10" pin="1"/>
      <node ref="CCS811" pin="11"/>
      <node ref="C1" pin="1"/>
    </net>
    <net code="3" name="/26">
      <node ref="U2" pin="5"/>
      <node ref="R10" pin="2"/>
      <node ref="J1" pin="9"/>
    </net>
    <net code="4" name="/RST">
      <node ref="LORA_RES1" pin="1"/>
      <node ref="J1" pin="3"/>
    </net>
    <net code="5" name="/22_SCL">
      <node ref="BME280" pin="3"/>
      <node ref="J2" pin="6"/>
      <node ref="R5" pin="2"/>
      <node ref="I2C1" pin="3"/>
      <node ref="BME680" pin="3"/>
      <node ref="CCS811" pin="9"/>
    </net>
    <net code="6" name="/21_SDA">
      <node ref="I2C1" pin="4"/>
      <node ref="BME280" pin="4"/>
      <node ref="BME680" pin="4"/>
      <node ref="CCS811" pin="10"/>
      <node ref="R4" pin="2"/>
      <node ref="J2" pin="3"/>
    </net>
    <net code="7" name="Net-(CCS811-Pad8)">
      <node ref="CCS811" pin="8"/>
    </net>
    <net code="8" name="+3V3">
      <node ref="BME680" pin="6"/>
      <node ref="C5" pin="2"/>
      <node ref="CCS811" pin="6"/>
      <node ref="R12" pin="2"/>
      <node ref="C6" pin="2"/>
      <node ref="J1" pin="5"/>
      <node ref="C3" pin="2"/>
      <node ref="U2" pin="13"/>
      <node ref="C4" pin="1"/>
      <node ref="BME680" pin="8"/>
      <node ref="R5" pin="1"/>
      <node ref="C7" pin="2"/>
      <node ref="R15" pin="2"/>
      <node ref="BME280" pin="6"/>
      <node ref="R4" pin="1"/>
      <node ref="I2C1" pin="1"/>
      <node ref="C1" pin="2"/>
      <node ref="BME280" pin="8"/>
      <node ref="R14" pin="1"/>
      <node ref="J2" pin="1"/>
      <node ref="R13" pin="2"/>
    </net>
    <net code="9" name="Net-(CCS811-Pad1)">
      <node ref="CCS811" pin="1"/>
      <node ref="R14" pin="2"/>
    </net>
    <net code="10" name="Net-(BME680-Pad5)">
      <node ref="BME680" pin="5"/>
    </net>
    <net code="11" name="Net-(BME680-Pad2)">
      <node ref="R12" pin="1"/>
      <node ref="BME680" pin="2"/>
    </net>
    <net code="12" name="Net-(PL511-Pad6)">
      <node ref="PL511" pin="6"/>
      <node ref="R2" pin="2"/>
    </net>
    <net code="13" name="Net-(RV1-Pad1)">
      <node ref="RV1" pin="1"/>
    </net>
    <net code="14" name="/34">
      <node ref="J1" pin="4"/>
      <node ref="LORA_RES1" pin="3"/>
    </net>
    <net code="15" name="/25">
      <node ref="J1" pin="8"/>
      <node ref="R9" pin="1"/>
      <node ref="D1" pin="2"/>
      <node ref="D2" pin="2"/>
      <node ref="D3" pin="2"/>
    </net>
    <net code="16" name="Net-(BME280-Pad2)">
      <node ref="BME280" pin="2"/>
      <node ref="R15" pin="1"/>
    </net>
    <net code="17" name="Net-(BME280-Pad5)">
      <node ref="BME280" pin="5"/>
    </net>
    <net code="18" name="Net-(PWR1-Pad1)">
      <node ref="R6" pin="1"/>
      <node ref="PWR1" pin="1"/>
    </net>
    <net code="19" name="/13">
      <node ref="CCS811" pin="3"/>
      <node ref="J2" pin="11"/>
    </net>
    <net code="20" name="/12">
      <node ref="CCS811" pin="7"/>
      <node ref="J1" pin="11"/>
    </net>
    <net code="21" name="/0">
      <node ref="J1" pin="12"/>
      <node ref="R11" pin="1"/>
    </net>
    <net code="22" name="/CCS811_RESET">
      <node ref="R11" pin="2"/>
      <node ref="R13" pin="1"/>
      <node ref="CCS811" pin="2"/>
    </net>
    <net code="23" name="Net-(U2-Pad7)">
      <node ref="U2" pin="7"/>
    </net>
    <net code="24" name="/LORA_RESET">
      <node ref="U2" pin="6"/>
      <node ref="LORA_RES1" pin="2"/>
    </net>
    <net code="25" name="/14">
      <node ref="J2" pin="8"/>
      <node ref="U2" pin="4"/>
    </net>
    <net code="26" name="/2">
      <node ref="J2" pin="9"/>
      <node ref="U2" pin="2"/>
    </net>
    <net code="27" name="Net-(D1-Pad1)">
      <node ref="D1" pin="1"/>
      <node ref="U2" pin="16"/>
    </net>
    <net code="28" name="Net-(D2-Pad1)">
      <node ref="U2" pin="15"/>
      <node ref="D2" pin="1"/>
    </net>
    <net code="29" name="Net-(D3-Pad1)">
      <node ref="D3" pin="1"/>
      <node ref="U2" pin="14"/>
    </net>
    <net code="30" name="Net-(U2-Pad12)">
      <node ref="U2" pin="12"/>
    </net>
    <net code="31" name="Net-(U2-Pad11)">
      <node ref="U2" pin="11"/>
    </net>
    <net code="32" name="+BATT">
      <node ref="J2" pin="13"/>
      <node ref="SI2301" pin="2"/>
    </net>
    <net code="33" name="Net-(ANT1-Pad1)">
      <node ref="ANT1" pin="1"/>
      <node ref="U2" pin="9"/>
    </net>
    <net code="34" name="/19_LED">
      <node ref="J2" pin="7"/>
    </net>
    <net code="35" name="/RXD">
      <node ref="J2" pin="5"/>
    </net>
    <net code="36" name="/TXD">
      <node ref="J2" pin="4"/>
    </net>
    <net code="37" name="+5V">
      <node ref="J2" pin="12"/>
    </net>
    <net code="38" name="/33">
      <node ref="J1" pin="7"/>
    </net>
    <net code="39" name="/32">
      <node ref="J1" pin="6"/>
    </net>
    <net code="40" name="VDC">
      <node ref="C9" pin="1"/>
      <node ref="C2" pin="1"/>
      <node ref="PL511" pin="1"/>
      <node ref="R6" pin="2"/>
      <node ref="C8" pin="1"/>
      <node ref="SI2301" pin="3"/>
      <node ref="Shot1" pin="2"/>
      <node ref="R2" pin="1"/>
    </net>
    <net code="41" name="/VN">
      <node ref="J1" pin="2"/>
    </net>
    <net code="42" name="/VP">
      <node ref="J1" pin="1"/>
    </net>
    <net code="43" name="Net-(PL511-Pad5)">
      <node ref="PL511" pin="5"/>
      <node ref="R8" pin="2"/>
    </net>
    <net code="44" name="/27">
      <node ref="J1" pin="10"/>
      <node ref="R7" pin="1"/>
      <node ref="PL511" pin="4"/>
    </net>
    <net code="45" name="Net-(PL511-Pad3)">
      <node ref="Shot1" pin="1"/>
      <node ref="RV1" pin="2"/>
      <node ref="R3" pin="1"/>
      <node ref="PL511" pin="3"/>
      <node ref="R1" pin="1"/>
    </net>
    <net code="46" name="Net-(R8-Pad1)">
      <node ref="R8" pin="1"/>
      <node ref="SI2301" pin="1"/>
    </net>
    <net code="47" name="/15">
      <node ref="J2" pin="10"/>
      <node ref="U2" pin="3"/>
    </net>
  </nets>
</export>
